{
    "accuracy": 0.8027210884353742,
    "precision": 0.8038292411108254,
    "recall": 0.8027210884353742,
    "f1_score": 0.8029408467959009,
    "confusion_matrix": [
        [
            55,
            13
        ],
        [
            16,
            63
        ]
    ]
}